Consultant,Unique_Projects,Total_Hours,Efficiency_Score,Composite_Score,Success_Ratio,Projects_Within_Budget,Projects_Over_Budget,Projects_On_Hold
Cory Bradfield,19,5178.71,89.47368421052632,139.5,89.47368421052632,17,2,0
Tony Dean Skipworth,9,1861.85,88.88888888888889,135.4,88.88888888888889,8,1,1
Ron Loge,14,3211.85,71.42857142857143,121.4,71.42857142857143,10,4,0
Juan Saenz,12,1012.25,83.33333333333334,108.6,91.66666666666666,11,1,1
Luis Ovalles,12,1801.75,50.0,95.0,50.0,6,6,1
Osazee Eweka,3,574.25,66.66666666666666,81.0,66.66666666666666,2,1,0
Christopher Brown,10,598.75,60.0,75.0,70.0,7,3,1
